;             
CREATE USER IF NOT EXISTS SA SALT 'f35a955faeec2dcb' HASH '5d41f3535492590867f3f937126adbf0173edd2501f4cc813950d12804f8412c' ADMIN;           
CREATE SEQUENCE PUBLIC.SYSTEM_SEQUENCE_DA76D989_3C91_4C16_8AAB_79F743565BF5 START WITH 4 BELONGS_TO_TABLE;    
CREATE SEQUENCE PUBLIC.SYSTEM_SEQUENCE_AFE15B91_D4A3_407F_BAED_C6616B8851A4 START WITH 4 BELONGS_TO_TABLE;    
CREATE SEQUENCE PUBLIC.SYSTEM_SEQUENCE_31A09AA7_D108_45A3_B28B_BB4071FE5D07 START WITH 3 BELONGS_TO_TABLE;    
CREATE SEQUENCE PUBLIC.SYSTEM_SEQUENCE_99C1ABFB_0F32_4250_91A6_527BA74B460D START WITH 3 BELONGS_TO_TABLE;    
CREATE SEQUENCE PUBLIC.SYSTEM_SEQUENCE_28FAE5BA_1EFA_421A_AE01_FDE1AFF74649 START WITH 4 BELONGS_TO_TABLE;    
CREATE SEQUENCE PUBLIC.SYSTEM_SEQUENCE_59E526E3_4DF1_4B5E_9437_17A7A10C1BA8 START WITH 4 BELONGS_TO_TABLE;    
CREATE SEQUENCE PUBLIC.SYSTEM_SEQUENCE_E70BAD53_703F_41A1_82C2_1645C044D0E3 START WITH 5 BELONGS_TO_TABLE;    
CREATE CACHED TABLE PUBLIC.CUSTOMER(
    ID INTEGER DEFAULT (NEXT VALUE FOR PUBLIC.SYSTEM_SEQUENCE_28FAE5BA_1EFA_421A_AE01_FDE1AFF74649) NOT NULL NULL_TO_DEFAULT SEQUENCE PUBLIC.SYSTEM_SEQUENCE_28FAE5BA_1EFA_421A_AE01_FDE1AFF74649,
    FIRST_NAME VARCHAR(255) NOT NULL,
    LAST_NAME VARCHAR(255) NOT NULL,
    USERNAME VARCHAR(255) NOT NULL
); 
ALTER TABLE PUBLIC.CUSTOMER ADD CONSTRAINT PUBLIC.CONSTRAINT_5 PRIMARY KEY(ID);               
-- 3 +/- SELECT COUNT(*) FROM PUBLIC.CUSTOMER;
INSERT INTO PUBLIC.CUSTOMER(ID, FIRST_NAME, LAST_NAME, USERNAME) VALUES
(1, 'John', 'Doe', 'johndoe95'),
(2, 'Ionica', 'Ionel', 'kittylover69'),
(3, 'Marcelina', 'Angeluta', 'marcy97');  
CREATE CACHED TABLE PUBLIC.LOCATION(
    ID INTEGER DEFAULT (NEXT VALUE FOR PUBLIC.SYSTEM_SEQUENCE_59E526E3_4DF1_4B5E_9437_17A7A10C1BA8) NOT NULL NULL_TO_DEFAULT SEQUENCE PUBLIC.SYSTEM_SEQUENCE_59E526E3_4DF1_4B5E_9437_17A7A10C1BA8,
    ADDRESS_CITY VARCHAR(255) NOT NULL,
    ADDRESS_COUNTRY VARCHAR(255) NOT NULL,
    ADDRESS_COUNTY VARCHAR(255) NOT NULL,
    ADDRESS_STREET VARCHAR(255) NOT NULL,
    NAME VARCHAR(255) NOT NULL
);       
ALTER TABLE PUBLIC.LOCATION ADD CONSTRAINT PUBLIC.CONSTRAINT_9 PRIMARY KEY(ID);               
-- 3 +/- SELECT COUNT(*) FROM PUBLIC.LOCATION;
INSERT INTO PUBLIC.LOCATION(ID, ADDRESS_CITY, ADDRESS_COUNTRY, ADDRESS_COUNTY, ADDRESS_STREET, NAME) VALUES
(1, 'Timisoara', 'Romania', 'Timis', 'Zorilor', 'Depozit Timisoara'),
(2, 'Cluj', 'Romania', 'Cluj-Napoca', 'Manastur', 'Depozit Cluj'),
(3, 'Bucuresti', 'Romania', 'Ilfov', 'Eroilor', 'Depozit Bucuresti'); 
CREATE CACHED TABLE PUBLIC.PRODUCT(
    ID INTEGER DEFAULT (NEXT VALUE FOR PUBLIC.SYSTEM_SEQUENCE_DA76D989_3C91_4C16_8AAB_79F743565BF5) NOT NULL NULL_TO_DEFAULT SEQUENCE PUBLIC.SYSTEM_SEQUENCE_DA76D989_3C91_4C16_8AAB_79F743565BF5,
    DESCRIPTION VARCHAR(255) NOT NULL,
    NAME VARCHAR(255) NOT NULL,
    PRICE BIGINT NOT NULL,
    WEIGHT DOUBLE NOT NULL,
    CATEGORY_ID INTEGER,
    SUPPLIER_ID INTEGER
);              
ALTER TABLE PUBLIC.PRODUCT ADD CONSTRAINT PUBLIC.CONSTRAINT_1 PRIMARY KEY(ID);
-- 3 +/- SELECT COUNT(*) FROM PUBLIC.PRODUCT; 
INSERT INTO PUBLIC.PRODUCT(ID, DESCRIPTION, NAME, PRICE, WEIGHT, CATEGORY_ID, SUPPLIER_ID) VALUES
(1, 'Placa video standard', 'GTX 1090 Ti OC 32GB ULTRA-DOUBLE-XXTRA-WINDFURY X666 RAZER GAMING TRIPLE-CHEESEBURGER WARMONGER', 15, 2.0, 1, 1),
(2, 'Monitor standard', 'Monitor Full-HD', 600, 1.5, 2, 4),
(3, 'Procesor standard', 'Intel i7 7700', 1400, 0.5, 3, 3);   
CREATE CACHED TABLE PUBLIC.PRODUCT_CATEGORY(
    ID INTEGER DEFAULT (NEXT VALUE FOR PUBLIC.SYSTEM_SEQUENCE_AFE15B91_D4A3_407F_BAED_C6616B8851A4) NOT NULL NULL_TO_DEFAULT SEQUENCE PUBLIC.SYSTEM_SEQUENCE_AFE15B91_D4A3_407F_BAED_C6616B8851A4,
    DESCRIPTION VARCHAR(255) NOT NULL,
    NAME VARCHAR(255) NOT NULL
);  
ALTER TABLE PUBLIC.PRODUCT_CATEGORY ADD CONSTRAINT PUBLIC.CONSTRAINT_3 PRIMARY KEY(ID);       
-- 3 +/- SELECT COUNT(*) FROM PUBLIC.PRODUCT_CATEGORY;        
INSERT INTO PUBLIC.PRODUCT_CATEGORY(ID, DESCRIPTION, NAME) VALUES
(1, 'Placa video pentru calculatoare', 'Placa Video'),
(2, 'Sticla magica pe care se vad desene dragute miscatoare', 'Monitor'),
(3, 'Cutie cu filipinezi mici care fac calcule naspa in locu tau', 'Procesor');         
CREATE CACHED TABLE PUBLIC.SUPPLIER(
    ID INTEGER DEFAULT (NEXT VALUE FOR PUBLIC.SYSTEM_SEQUENCE_E70BAD53_703F_41A1_82C2_1645C044D0E3) NOT NULL NULL_TO_DEFAULT SEQUENCE PUBLIC.SYSTEM_SEQUENCE_E70BAD53_703F_41A1_82C2_1645C044D0E3,
    NAME VARCHAR(255) NOT NULL
);  
ALTER TABLE PUBLIC.SUPPLIER ADD CONSTRAINT PUBLIC.CONSTRAINT_C PRIMARY KEY(ID);               
-- 4 +/- SELECT COUNT(*) FROM PUBLIC.SUPPLIER;
INSERT INTO PUBLIC.SUPPLIER(ID, NAME) VALUES
(1, 'Samsung'),
(2, 'HP'),
(3, 'Lenovo'),
(4, 'Dell');       
CREATE CACHED TABLE PUBLIC.TRANSACTION(
    ID INTEGER DEFAULT (NEXT VALUE FOR PUBLIC.SYSTEM_SEQUENCE_99C1ABFB_0F32_4250_91A6_527BA74B460D) NOT NULL NULL_TO_DEFAULT SEQUENCE PUBLIC.SYSTEM_SEQUENCE_99C1ABFB_0F32_4250_91A6_527BA74B460D,
    ADDRESS_CITY VARCHAR(255) NOT NULL,
    ADDRESS_COUNTRY VARCHAR(255) NOT NULL,
    ADDRESS_COUNTY VARCHAR(255) NOT NULL,
    ADDRESS_STREET VARCHAR(255) NOT NULL,
    CUSTOMER_ID INTEGER,
    SHIPPED_FROM_ID INTEGER
);             
ALTER TABLE PUBLIC.TRANSACTION ADD CONSTRAINT PUBLIC.CONSTRAINT_F PRIMARY KEY(ID);            
-- 2 +/- SELECT COUNT(*) FROM PUBLIC.TRANSACTION;             
INSERT INTO PUBLIC.TRANSACTION(ID, ADDRESS_CITY, ADDRESS_COUNTRY, ADDRESS_COUNTY, ADDRESS_STREET, CUSTOMER_ID, SHIPPED_FROM_ID) VALUES
(1, 'Baia Mare', 'Romania', 'Maramures', 'Bucovinei', 1, 1),
(2, 'Satu Mare', 'Romania', 'Satu Mare', 'Habar n-am', 2, 3);           
CREATE CACHED TABLE PUBLIC.TRANSACTION_DETAIL(
    ID INTEGER DEFAULT (NEXT VALUE FOR PUBLIC.SYSTEM_SEQUENCE_31A09AA7_D108_45A3_B28B_BB4071FE5D07) NOT NULL NULL_TO_DEFAULT SEQUENCE PUBLIC.SYSTEM_SEQUENCE_31A09AA7_D108_45A3_B28B_BB4071FE5D07,
    QUANTITY INTEGER NOT NULL,
    PRODUCT_ID INTEGER,
    TRANSACTION_ID INTEGER
);   
ALTER TABLE PUBLIC.TRANSACTION_DETAIL ADD CONSTRAINT PUBLIC.CONSTRAINT_CF PRIMARY KEY(ID);    
-- 2 +/- SELECT COUNT(*) FROM PUBLIC.TRANSACTION_DETAIL;      
INSERT INTO PUBLIC.TRANSACTION_DETAIL(ID, QUANTITY, PRODUCT_ID, TRANSACTION_ID) VALUES
(1, 1, 1, 1),
(2, 3, 3, 2);          
ALTER TABLE PUBLIC.CUSTOMER ADD CONSTRAINT PUBLIC.UK_IRNRRNCATP2FVW52VP45J7RLW UNIQUE(USERNAME);              
ALTER TABLE PUBLIC.PRODUCT ADD CONSTRAINT PUBLIC.FK2KXVBR72TMTSCJVYP9YQB12BY FOREIGN KEY(SUPPLIER_ID) REFERENCES PUBLIC.SUPPLIER(ID) NOCHECK; 
ALTER TABLE PUBLIC.PRODUCT ADD CONSTRAINT PUBLIC.FK5CYPB0K23BOVO3RN1A5JQS6J4 FOREIGN KEY(CATEGORY_ID) REFERENCES PUBLIC.PRODUCT_CATEGORY(ID) NOCHECK;         
ALTER TABLE PUBLIC.TRANSACTION_DETAIL ADD CONSTRAINT PUBLIC.FKP0202I7EAT7U1Q5I9SXM1442K FOREIGN KEY(PRODUCT_ID) REFERENCES PUBLIC.PRODUCT(ID) NOCHECK;        
ALTER TABLE PUBLIC.TRANSACTION_DETAIL ADD CONSTRAINT PUBLIC.FK2NH7HMI2MFURIMSK0VIQ4A127 FOREIGN KEY(TRANSACTION_ID) REFERENCES PUBLIC.TRANSACTION(ID) NOCHECK;
ALTER TABLE PUBLIC.TRANSACTION ADD CONSTRAINT PUBLIC.FKF8UK2G8K2ATIN5SNLHHQ1JXBY FOREIGN KEY(SHIPPED_FROM_ID) REFERENCES PUBLIC.LOCATION(ID) NOCHECK;         
ALTER TABLE PUBLIC.TRANSACTION ADD CONSTRAINT PUBLIC.FKNBPJOFB5ABHJG5HIOVI0T3K57 FOREIGN KEY(CUSTOMER_ID) REFERENCES PUBLIC.CUSTOMER(ID) NOCHECK;             
